<?xml version="1.0" encoding="UTF-8"?>
<suite name="SearchSuite" parallel="tests">

	<parameter name="url" value="http://automationpractice.com/index.php" />
	<listeners>
		<listener class-name="com.selenium.listener.ListenerTest"></listener>
	</listeners>
	
	<test name="Search items">

		<parameter name="browser" value="chrome" />

		<groups>
			<run>
			</run>
		</groups>
		<classes>
			<class name="com.selenium.script.Searchitems" />
			<methods>
				<include name="searchItemMethod" />
				
			</methods>
		</classes>
	</test>
</suite>