<?xml version="1.0" encoding="UTF-8"?>
<suite name="Automation QA" parallel="tests">

	<parameter name="url" value="http://automationpractice.com/index.php" />
	<!-- <listeners>
		<listener class-name="com.selenium.listener.ListenerTest"></listener>
	</listeners> -->
	<listeners>
	<listener class-name="com.selenium.listener.ListenerTest"></listener>
      <listener class-name="org.uncommons.reportng.HTMLReporter"/>
      <listener class-name="org.uncommons.reportng.JUnitXMLReporter"/>
  </listeners>
	<test name="Search items">

		<parameter name="browser" value="chrome" />

		<groups>
			<run>
			</run>
		</groups>
		<classes>
			<class name="com.selenium.script.Searchitems" />
			<methods>
				<include name="searchItemMethod" />
				<!-- <include name="Test2" />
				<include name="Test3" />
				<include name="Test4" /> -->
			</methods>
		</classes>
	</test>

	<test name="User Registration">
	<parameter name="browser" value="chrome" />
	<groups>
		<run>
		</run>
	</groups>
	<classes>
		<class name="com.selenium.script.UserRegistration" />
		<methods>
			<include name="userRegistrationMethod" />
			<include name="addItemsMethod" dependsOnMethods="userRegistrationMethod" />
		</methods>
	</classes>
</test>



</suite>