<?xml version="1.0" encoding="UTF-8"?>
<suite name="Automation QA">

<parameter name="browser" value="chrome"/>
	<test name="Search items">
	<parameter name="url" value="http://automationpractice.com/index.php"/>
		<groups>
			<run>
				<include name="Platinum" />
				<exclude name="Silver" />
			</run>
		</groups>
		<classes>
			<class name="com.selenium.script.Searchitems" />
			<methods>
				<include name="searchItemMethod" />
			</methods>
		</classes>
	</test>
	
	<test name="User Registration">
	<parameter name="url" value="http://automationpractice.com/index.php"/>
		<groups>
			<run>
				<include name="Platinum" />
				<exclude name="Silver" />
			</run>
		</groups>
		<classes>
			<class name="com.selenium.script.UserRegistration" />
			<methods>
				<include name="userRegistrationMethod" />
			</methods>
		</classes>
	</test>
	
</suite>