<?xml version="1.0" encoding="UTF-8"?>
<suite name="RegistrationSuite" parallel="tests">

	<parameter name="url" value="http://automationpractice.com/index.php" />
	<listeners>
		<listener class-name="com.selenium.listener.ListenerTest"></listener>
	</listeners>
	<test name="User Registration">
		<parameter name="browser" value="chrome" />
		<groups>
			<run>
			</run>
		</groups>
		<classes>
			<class name="com.selenium.script.UserRegistration" />
			<methods>
				<include name="userRegistrationMethod" />
				<include name="addItemsMethod" dependsOnMethods="userRegistrationMethod" />
			</methods>
		</classes>
	</test>
</suite>
